invoice_id,customer_id,transaction_id,status,exception_type,invoice_amount,payment_amount,gross_amount,fee,tax,adjustment,net_amount,difference,reason
INV0001,C0001,TX0001,MATCHED,NONE,10000,10000.0,10000.0,200.0,36.0,0.0,9764.0,0.0,"Invoice, payment and settlement records are consistent."
INV0002,C0002,,EXCEPTION,MISSING_PAYMENT,3000,,,,,,,,No payment found for invoice.
INV0003,C0003,TX0003,MATCHED,NONE,4500,4500.0,4500.0,90.0,16.2,0.0,4393.8,0.0,"Invoice, payment and settlement records are consistent."
INV0004,C0004,TX0004,MATCHED,NONE,5000,5000.0,5000.0,100.0,18.0,0.0,4882.0,0.0,"Invoice, payment and settlement records are consistent."
INV0005,C0005,TX0005,MATCHED,NONE,2500,2500.0,2500.0,50.0,9.0,0.0,2441.0,0.0,"Invoice, payment and settlement records are consistent."
INV0006,C0006,TX0006,MATCHED,NONE,2000,2000.0,2000.0,40.0,7.2,0.0,1952.8,0.0,"Invoice, payment and settlement records are consistent."
INV0007,C0007,TX0007,MATCHED,NONE,25000,25000.0,25000.0,500.0,90.0,0.0,24410.0,0.0,"Invoice, payment and settlement records are consistent."
INV0008,C0008,TX0008,MATCHED,NONE,4500,4500.0,4500.0,90.0,16.2,0.0,4393.8,0.0,"Invoice, payment and settlement records are consistent."
INV0009,C0009,TX0009,MATCHED,NONE,1500,1500.0,1500.0,30.0,5.4,0.0,1464.6,0.0,"Invoice, payment and settlement records are consistent."
INV0010,C0010,TX0010,MATCHED,NONE,20000,20000.0,20000.0,400.0,72.0,0.0,19528.0,0.0,"Invoice, payment and settlement records are consistent."
INV0011,C0011,TX0011,MATCHED,NONE,15000,15000.0,15000.0,300.0,54.0,0.0,14646.0,0.0,"Invoice, payment and settlement records are consistent."
INV0012,C0012,TX0012,MATCHED,NONE,20000,20000.0,20000.0,800.0,144.0,0.0,19056.0,0.0,"Invoice, payment and settlement records are consistent."
INV0013,C0013,TX0013,EXCEPTION,MISSING_SETTLEMENT,1500,1500.0,,,,,,,No settlement found for payment.
INV0014,C0014,TX0014,MATCHED,NONE,1200,1200.0,1200.0,24.0,4.32,0.0,1171.68,0.0,"Invoice, payment and settlement records are consistent."
INV0015,C0015,TX0015,MATCHED,NONE,20000,20000.0,20000.0,400.0,72.0,0.0,19528.0,0.0,"Invoice, payment and settlement records are consistent."
INV0016,C0016,TX0016,EXCEPTION,DATE_MISMATCH,2000,2000.0,2000.0,40.0,7.2,0.0,1952.8,,Settlement occurred 15 days after payment.
INV0017,C0017,TX0017,MATCHED,NONE,7500,7500.0,7500.0,150.0,27.0,0.0,7323.0,0.0,"Invoice, payment and settlement records are consistent."
INV0018,C0018,TX0018,MATCHED,NONE,2500,2500.0,2500.0,50.0,9.0,0.0,2441.0,0.0,"Invoice, payment and settlement records are consistent."
INV0019,C0019,TX0019,MATCHED,NONE,1500,1500.0,1500.0,30.0,5.4,0.0,1464.6,0.0,"Invoice, payment and settlement records are consistent."
INV0020,C0020,TX0020,MATCHED,NONE,2000,2000.0,2000.0,40.0,7.2,0.0,1952.8,0.0,"Invoice, payment and settlement records are consistent."
INV0021,C0021,TX0021,MATCHED,NONE,2500,2500.0,2500.0,50.0,9.0,0.0,2441.0,0.0,"Invoice, payment and settlement records are consistent."
INV0022,C0022,TX0022,MATCHED,NONE,5000,5000.0,5000.0,100.0,18.0,0.0,4882.0,0.0,"Invoice, payment and settlement records are consistent."
INV0023,C0023,TX0023,MATCHED,NONE,1500,1500.0,1500.0,30.0,5.4,0.0,1464.6,0.0,"Invoice, payment and settlement records are consistent."
INV0024,C0024,TX0024,EXCEPTION,AMOUNT_MISMATCH,1200,950.0,,,,,,250.0,Invoice amount ₹1200.00 does not match payment amount ₹950.00.
INV0025,C0025,TX0025,MATCHED,NONE,1500,1500.0,1500.0,30.0,5.4,0.0,1464.6,0.0,"Invoice, payment and settlement records are consistent."
INV0026,C0026,TX0026,MATCHED,NONE,1200,1200.0,1200.0,24.0,4.32,0.0,1171.68,0.0,"Invoice, payment and settlement records are consistent."
INV0027,C0027,TX0027,MATCHED,NONE,3000,3000.0,3000.0,60.0,10.8,0.0,2929.2,0.0,"Invoice, payment and settlement records are consistent."
INV0028,C0028,TX0028,MATCHED,NONE,25000,25000.0,25000.0,500.0,90.0,0.0,24410.0,0.0,"Invoice, payment and settlement records are consistent."
INV0029,C0029,TX0029,MATCHED,NONE,5000,5000.0,5000.0,100.0,18.0,0.0,4882.0,0.0,"Invoice, payment and settlement records are consistent."
INV0030,C0030,TX0030,EXCEPTION,DUPLICATE_PAYMENT,4500,9000.0,,,,,,,Multiple payments found for the same invoice.
INV0031,C0031,TX0031,MATCHED,NONE,1200,1200.0,1200.0,24.0,4.32,0.0,1171.68,0.0,"Invoice, payment and settlement records are consistent."
INV0032,C0032,TX0032,MATCHED,NONE,2500,2500.0,2500.0,50.0,9.0,0.0,2441.0,0.0,"Invoice, payment and settlement records are consistent."
INV0033,C0033,TX0033,EXCEPTION,MISSING_SETTLEMENT,2000,2000.0,,,,,,,No settlement found for payment.
INV0034,C0034,TX0034,MATCHED,NONE,7500,7500.0,7500.0,150.0,27.0,0.0,7323.0,0.0,"Invoice, payment and settlement records are consistent."
INV0035,C0035,TX0035,MATCHED,NONE,1500,1500.0,1500.0,30.0,5.4,0.0,1464.6,0.0,"Invoice, payment and settlement records are consistent."
INV0036,C0036,TX0036,MATCHED,NONE,7500,7500.0,7500.0,150.0,27.0,0.0,7323.0,0.0,"Invoice, payment and settlement records are consistent."
INV0037,C0037,TX0037,MATCHED,NONE,5000,5000.0,5000.0,100.0,18.0,0.0,4882.0,0.0,"Invoice, payment and settlement records are consistent."
INV0038,C0038,TX0038,MATCHED,NONE,3000,3000.0,3000.0,60.0,10.8,0.0,2929.2,0.0,"Invoice, payment and settlement records are consistent."
INV0039,C0039,TX0039,MATCHED,NONE,3000,3000.0,3000.0,60.0,10.8,0.0,2929.2,0.0,"Invoice, payment and settlement records are consistent."
INV0040,C0040,TX0040,MATCHED,NONE,25000,25000.0,25000.0,500.0,90.0,0.0,24410.0,0.0,"Invoice, payment and settlement records are consistent."
INV0041,C0041,TX0041,MATCHED,NONE,10000,10000.0,10000.0,200.0,36.0,0.0,9764.0,0.0,"Invoice, payment and settlement records are consistent."
INV0042,C0042,TX0042,EXCEPTION,AMOUNT_MISMATCH,2000,1750.0,,,,,,250.0,Invoice amount ₹2000.00 does not match payment amount ₹1750.00.
INV0043,C0043,TX0043,MATCHED,NONE,1500,1500.0,1500.0,30.0,5.4,0.0,1464.6,0.0,"Invoice, payment and settlement records are consistent."
INV0044,C0044,TX0044,MATCHED,NONE,15000,15000.0,15000.0,300.0,54.0,0.0,14646.0,0.0,"Invoice, payment and settlement records are consistent."
INV0045,C0045,TX0045,MATCHED,NONE,3000,3000.0,3000.0,60.0,10.8,0.0,2929.2,0.0,"Invoice, payment and settlement records are consistent."
INV0046,C0046,TX0046,MATCHED,NONE,5000,5000.0,5000.0,100.0,18.0,0.0,4882.0,0.0,"Invoice, payment and settlement records are consistent."
INV0047,C0047,TX0047,EXCEPTION,MISSING_SETTLEMENT,1500,1500.0,,,,,,,No settlement found for payment.
INV0048,C0048,,EXCEPTION,MISSING_PAYMENT,1500,,,,,,,,No payment found for invoice.
INV0049,C0049,TX0049,MATCHED,NONE,3000,3000.0,3000.0,60.0,10.8,0.0,2929.2,0.0,"Invoice, payment and settlement records are consistent."
INV0050,C0050,TX0050,MATCHED,NONE,4500,4500.0,4500.0,90.0,16.2,0.0,4393.8,0.0,"Invoice, payment and settlement records are consistent."
INV0051,C0051,TX0051,MATCHED,NONE,15000,15000.0,15000.0,300.0,54.0,0.0,14646.0,0.0,"Invoice, payment and settlement records are consistent."
INV0052,C0052,TX0052,MATCHED,NONE,20000,20000.0,20000.0,400.0,72.0,0.0,19528.0,0.0,"Invoice, payment and settlement records are consistent."
INV0053,C0053,TX0053,MATCHED,NONE,1500,1500.0,1500.0,30.0,5.4,0.0,1464.6,0.0,"Invoice, payment and settlement records are consistent."
INV0054,C0054,TX0054,MATCHED,NONE,15000,15000.0,15000.0,300.0,54.0,0.0,14646.0,0.0,"Invoice, payment and settlement records are consistent."
INV0055,C0055,TX0055,MATCHED,NONE,10000,10000.0,10000.0,200.0,36.0,0.0,9764.0,0.0,"Invoice, payment and settlement records are consistent."
INV0056,C0056,TX0056,MATCHED,NONE,20000,20000.0,20000.0,400.0,72.0,0.0,19528.0,0.0,"Invoice, payment and settlement records are consistent."
INV0057,C0057,TX0057,MATCHED,NONE,4500,4500.0,4500.0,90.0,16.2,0.0,4393.8,0.0,"Invoice, payment and settlement records are consistent."
INV0058,C0058,TX0058,MATCHED,NONE,10000,10000.0,10000.0,200.0,36.0,0.0,9764.0,0.0,"Invoice, payment and settlement records are consistent."
INV0059,C0059,TX0059,MATCHED,NONE,25000,25000.0,25000.0,500.0,90.0,0.0,24410.0,0.0,"Invoice, payment and settlement records are consistent."
INV0060,C0060,TX0060,MATCHED,NONE,5000,5000.0,5000.0,100.0,18.0,0.0,4882.0,0.0,"Invoice, payment and settlement records are consistent."
INV0061,C0061,TX0061,MATCHED,NONE,1200,1200.0,1200.0,24.0,4.32,0.0,1171.68,0.0,"Invoice, payment and settlement records are consistent."
INV0062,C0062,TX0062,MATCHED,NONE,20000,20000.0,20000.0,400.0,72.0,0.0,19528.0,0.0,"Invoice, payment and settlement records are consistent."
INV0063,C0063,TX0063,MATCHED,NONE,15000,15000.0,15000.0,300.0,54.0,0.0,14646.0,0.0,"Invoice, payment and settlement records are consistent."
INV0064,C0064,TX0064,EXCEPTION,AMOUNT_MISMATCH,5000,4500.0,,,,,,500.0,Invoice amount ₹5000.00 does not match payment amount ₹4500.00.
INV0065,C0065,TX0065,MATCHED,NONE,20000,20000.0,20000.0,800.0,144.0,0.0,19056.0,0.0,"Invoice, payment and settlement records are consistent."
INV0066,C0066,TX0066,MATCHED,NONE,5000,5000.0,5000.0,100.0,18.0,0.0,4882.0,0.0,"Invoice, payment and settlement records are consistent."
INV0067,C0067,TX0067,MATCHED,NONE,7500,7500.0,7500.0,150.0,27.0,0.0,7323.0,0.0,"Invoice, payment and settlement records are consistent."
INV0068,C0068,TX0068,MATCHED,NONE,1200,1200.0,1200.0,24.0,4.32,0.0,1171.68,0.0,"Invoice, payment and settlement records are consistent."
INV0069,C0069,TX0069,MATCHED,NONE,1500,1500.0,1500.0,30.0,5.4,0.0,1464.6,0.0,"Invoice, payment and settlement records are consistent."
INV0070,C0070,TX0070,MATCHED,NONE,20000,20000.0,20000.0,400.0,72.0,0.0,19528.0,0.0,"Invoice, payment and settlement records are consistent."
